{
  "protest": {
    "auc": 1.0,
    "brier": 0.0018917324692076145,
    "calibration_error": 0.0020518243261270497,
    "n_test": 120,
    "n_train": 280
  },
  "sustain": {
    "auc": 0.8692810457516339,
    "brier": 0.1441084035056678,
    "calibration_error": 0.14047871796053146,
    "n_test": 69,
    "n_train": 159
  }
}